{"cameraMode":{"drawMode":0,"name":"Shaded","section":"Shading Mode"},"sceneLighting":false,"audioPlay":false,"sceneViewState":{"showFog":true,"showMaterialUpdate":false,"showSkybox":false,"showFlares":true,"showImageEffects":true,"showParticleSystems":true,"showVisualEffectGraphs":true,"m_FxEnabled":true},"in2DMode":false,"pivot":{"x":609.1859741210938,"y":210.3460693359375,"z":21.9550838470459},"rotation":{"x":0.048273053020238879,"y":-0.026968510821461679,"z":0.0013044822262600065,"w":0.9984622001647949},"size":221.75119018554688,"orthographic":false}